date,yt_pred_trend,yt_true,yt_pred_trend_month,yt_pred_time_trend_1_dummy,yt_pred_time_trend_2_dummy,yt_pred_time_trend_3_dummy,yt_pred_trend_sincos,yt_pred_time_trend_3_fourier,yt_pred_stacked_mlp
1946-01-01,1565.103194667892,890,1095.0249999999987,1095.0249999999992,1444.198616180507,1197.389238901429,1037.849494925636,1138.240263583133,
1946-02-01,1575.7755987028142,992,1077.3934210526309,1077.3934210526309,1417.7272045877276,1182.2558001361897,1141.508770250461,1250.6692805200876,
1946-03-01,1586.4480027377367,979,1214.077631578947,1214.0776315789465,1545.5715803337537,1321.1474334396944,1175.3315279815226,1282.0046880942202,
1946-04-01,1597.120406772659,959,1322.1302631578938,1322.1302631578938,1644.7843762768762,1431.1167703908925,1314.3866779007917,1425.2150843147783,
1946-05-01,1607.7928108075814,1110,1385.025,1385.0249999999992,1698.83927674319,1495.637495200308,1452.3128203793424,1564.724162238021,
1946-06-01,1618.4652148425037,1546,1539.4986842105257,1539.4986842105254,1844.473122881762,1651.4464499732069,1419.9578897547003,1531.931914667873,
1946-07-01,1629.137618877426,1539,1929.7092105263152,1929.709210526315,2225.843808421344,2042.7015294464293,2084.601553405485,2199.885663947841,
1946-08-01,1639.8100229123484,3401,3034.4986842105263,3034.4986842105254,3321.7934352765697,3148.244838883134,2875.01961501091,2989.310342888406,
1946-09-01,1650.4824269472708,2092,2284.7092105263146,2284.709210526315,2563.16412667662,2398.918483546477,2421.172151928547,2535.851832234696,
1946-10-01,1661.154830982193,1436,1815.656578947368,1815.6565789473675,2085.271657162996,1930.0382529101464,1728.0364442026855,1845.1812415880092,
1946-11-01,1671.8272350171155,1301,1636.1302631578944,1636.130263157894,1896.9055003584456,1750.3936206583494,1666.5592805833592,1778.8667492289217,
1946-12-01,1682.4996390520378,1287,1397.6039473684204,1397.6039473684202,1649.5393429107253,1511.4582710016127,1421.78102182246,1539.9901752271892,
1947-01-01,1693.1720430869602,1488,1220.817543859648,1220.817543859648,1464.4041988594968,1362.532522178092,1163.576674401868,1302.4547672028698,
1947-02-01,1703.8444471218825,1517,1203.1859649122805,1203.1859649122798,1438.9149915567698,1344.9249807775216,1267.235949726693,1412.430127355236,1205.909176660877
1947-03-01,1714.516851156805,1707,1339.870175438596,1339.8701754385957,1567.7415715928482,1481.374813379577,1301.0587074577547,1441.3439891327469,1282.3323781895367
1947-04-01,1725.1892551917272,1729,1447.922807017543,1447.922807017543,1667.9365718260235,1588.9346515632085,1440.1138573770234,1582.16495054465,1273.4332926946747
1947-05-01,1735.8616592266496,1788,1510.817543859649,1510.817543859648,1722.9736765823898,1651.0781795389391,1578.0399998555745,1719.316704647204,1335.6017470015533
1947-06-01,1746.534063261572,2008,1665.2912280701748,1665.2912280701746,1869.5897270110145,1804.542239412035,1545.6850692309322,1684.1992442443338,1497.3697155066282
1947-07-01,1757.2064672964943,2203,2055.5017543859644,2055.501754385964,2251.9426168406494,2193.484725919337,2210.3287328817173,2349.8598916795463,1863.9579449148575
1947-08-01,1767.8788713314166,3713,3160.291228070176,3160.291228070175,3348.874447985927,3296.747744324003,3000.746794487142,3137.023579763324,2894.159199623361
1947-09-01,1778.551275366339,2946,2410.501754385964,2410.501754385964,2591.22734367603,2545.1733998891905,2546.899331404779,2681.336189240792,2863.775341039616
1947-10-01,1789.2236794012613,2082,1941.4491228070167,1941.4491228070167,2114.317078452459,2074.077482088585,1853.7636236789176,1988.4688297132495,2029.6152359782654
1947-11-01,1799.8960834361835,2033,1761.9228070175436,1761.9228070175432,1926.933125937961,1892.249464606396,1792.286460059591,1919.9896794612732,1480.9424720209242
1947-12-01,1810.568487471106,1937,1523.3964912280696,1523.3964912280694,1680.5491727802937,1651.1630316531491,1547.5082012986918,1678.9805585546192,1537.4542162262408
1948-01-01,1821.2408915060284,1711,1346.610087719297,1346.610087719297,1496.3962330191175,1500.118501467001,1289.3038538780995,1439.3447146133444,1652.011730324965
1948-02-01,1831.913295540951,1775,1328.9785087719292,1328.978508771929,1471.889230006443,1480.4244806376846,1392.9631292029248,1547.251749836722,1669.0553566037765
1948-03-01,1842.5856995758727,1902,1465.6627192982453,1465.6627192982446,1601.698014332574,1614.8201357448766,1426.7858869339866,1574.129397673211,1883.153469313907
1948-04-01,1853.258103610796,1846,1573.715350877192,1573.715350877192,1702.875218855802,1720.3580983675258,1565.8410368532552,1712.946256132059,1939.414730605253
1948-05-01,1863.9305076457176,2083,1636.6100877192982,1636.610087719297,1758.894527902221,1780.5120527161575,1703.767179331806,1848.1260182695248,1892.824074311288
1948-06-01,1874.60291168064,2262,1791.083771929824,1791.0837719298238,1906.4927826208984,1932.018840896036,1671.412248707164,1811.0686768895323,2084.893448401104
1948-07-01,1885.2753157155623,2193,2181.2942982456134,2181.2942982456134,2289.827876740585,2319.036357644003,2336.0559123579496,2474.82155433559,2533.9061811109777
1948-08-01,1895.9477197504848,3792,3286.0837719298247,3286.083771929824,3387.741912175916,3420.406708223216,3126.4739739633737,3260.1095834181788,3224.9487829434297
1948-09-01,1906.620123785408,2343,2536.2942982456134,2536.2942982456134,2631.077012156072,2666.9719978968324,2672.626510881011,2802.5786448824247,3492.979939566472
1948-10-01,1917.2925278203293,2313,2067.2416666666663,2067.241666666666,2155.148951222553,2194.0480161385376,1979.4908031551493,2107.8998483296277,2224.2772761725173
1948-11-01,1927.964931855252,2179,1887.7153508771928,1887.715350877192,1968.747202998108,2010.424236632542,1918.0136395358231,2037.6413720403625,2132.686406582887
1948-12-01,1938.6373358901744,1975,1649.1890350877188,1649.1890350877184,1723.3454541304927,1767.5743435893703,1673.2353807749237,1794.8850360843865,2016.6512439869578
1949-01-01,1949.309739925097,1880,1472.4026315789465,1472.4026315789465,1540.174718659369,1614.7986552471796,1415.0310333543316,1553.5340880817564,1838.4356306677491
1949-02-01,1959.982143960019,1930,1454.7710526315784,1454.7710526315782,1516.6499199367477,1593.405778195703,1518.6903086791567,1659.7581302317456,1896.2684076311273
1949-03-01,1970.654547994941,2060,1591.4552631578945,1591.4552631578938,1647.4409085529314,1726.134879014617,1552.5130664102185,1684.9848959828128,2049.0046827920323
1949-04-01,1981.326952029864,1843,1699.5078947368413,1699.507894736841,1749.6003173662118,1830.0385892828697,1691.568216329487,1822.1829833442052,2077.0926070099376
1949-05-01,1991.999356064786,2052,1762.4026315789474,1762.4026315789465,1806.6018307026832,1888.5905932109872,1829.494358808038,1955.7760853721825,2074.2585815882435
1949-06-01,2002.6717600997083,2039,1916.8763157894728,1916.8763157894728,1955.1822897114127,2038.5277329042333,1797.139428183396,1917.1641948706688,2213.790710950875
1949-07-01,2013.3441641346308,2351,2307.086842105263,2307.0868421052623,2339.499588121153,2424.007903099451,2461.783091834181,2579.39463418317,2433.3403924149284
1949-08-01,2024.016568169553,3394,3411.8763157894737,3411.8763157894728,3438.395827846536,3523.873209059796,3252.2011534396056,3363.1923361201707,3251.918120124103
1949-09-01,2034.688972204476,3581,2662.0868421052623,2662.0868421052623,2682.7131321167444,2768.9657560484266,2798.353690357243,2904.203181426795,3016.640934569317
1949-10-01,2045.3613762393973,2489,2193.034210526316,2193.034210526315,2207.7672754732785,2294.6013335390285,2105.2179826313813,2208.0982797043425,3097.2310394574847
1949-11-01,2056.03378027432,2468,2013.507894736842,2013.5078947368413,2022.3477315388857,2109.569415215811,2043.740819012055,2136.445809233389,2336.3675240013476
1949-12-01,2066.7061843092424,2134,1774.981578947368,1774.9815789473676,1777.9281869613233,1865.3436852893008,1798.9625602511555,1892.327590083691,2176.2384981414425
1950-01-01,2077.3785883441647,1903,1598.1951754385957,1598.1951754385957,1595.7396557802526,1711.2244619976525,1540.7582128305637,1649.6468698753056,1995.8158248486684
1950-02-01,2088.050992379087,1719,1580.5635964912276,1580.5635964912271,1573.1970613476833,1688.5203519306006,1644.4174881553888,1754.5732508075062,1989.7650353954853
1950-03-01,2098.7233964140096,1617,1717.2478070175434,1717.247807017543,1704.9702542539198,1819.9705216678208,1678.2402458864503,1778.5344663287513,2031.4423562616835
1950-04-01,2109.395800448932,1818,1825.3004385964905,1825.3004385964905,1808.1118673572528,1922.627602788264,1817.2953958057192,1914.4991144482888,1940.655237709299
1950-05-01,2120.068204483854,2067,1888.1951754385968,1888.195175438596,1866.0955849837767,1979.965279502452,1955.22153828427,2046.8908882223773,2077.57383774458
1950-06-01,2130.7406085187768,2457,2042.6688596491224,2042.668859649122,2015.6582482825595,2128.720393915652,1922.866607659628,2007.109780454941,2178.556972238539
1950-07-01,2141.413012553699,2600,2432.879385964912,2432.879385964912,2400.957750982352,2513.050840764705,2587.5102713104134,2668.203113489488,2700.567643135246
1950-08-01,2152.085416588621,3530,3537.668859649123,3537.668859649122,3500.836194997788,3611.798725312768,3377.928332915837,3450.8958201364994,3381.338698258829
1950-09-01,2162.7578206235435,2693,2787.879385964912,2787.879385964912,2746.1357035580486,2855.806152822998,2924.080869833475,2990.8337811411016,3732.5990475397716
1950-10-01,2173.4302246584657,2448,2318.8267543859647,2318.8267543859643,2272.172051204635,2380.388912769081,2230.945162107613,2293.688106104594,2701.1937008081404
1950-11-01,2184.1026286933884,2250,2139.3004385964914,2139.3004385964905,2087.734711560295,2194.336478835228,2169.467998488287,2221.026973307552,2469.3638873067334
1950-12-01,2194.77503272831,1972,1900.7741228070167,1900.7741228070167,1844.297371272785,1949.1225352319632,1924.689739727388,1975.932202819732,2177.622693083816
1951-01-01,2205.447436763233,1682,1723.9877192982449,1723.9877192982449,1663.091044381767,1794.047400197443,1666.4853923067951,1732.307042261191,1950.7759584536243
1951-02-01,2216.119840798156,1730,1706.356140350877,1706.3561403508763,1641.5306542392505,1770.4196803214018,1770.144667631621,1836.3210938312036,1781.4902031863953
1951-03-01,2226.792244833078,1814,1843.0403508771929,1843.040350877192,1774.286051435539,1900.9785421835145,1803.9674253626824,1859.4020909782264,1831.821727308375
1951-04-01,2237.464648868,1900,1951.09298245614,1951.09298245614,1878.409868828925,2002.776617362732,1943.022575281951,1994.5186317115088,1963.8622641446311
1951-05-01,2248.1370529029223,2051,2013.9877192982456,2013.9877192982449,1937.3757907455013,2059.2875900695763,2080.948717760502,2126.094409087308,2144.152572075086
1951-06-01,2258.8094569378445,2290,2168.461403508772,2168.461403508771,2087.9206583343366,2207.248302409315,2048.59378713586,2085.5294159095506,2411.998725209679
1951-07-01,2269.481860972767,2599,2558.671929824561,2558.6719298245607,2474.202365324182,2590.8166491187885,2713.237450786645,2745.870974521742,2769.095977941108
1951-08-01,2280.154265007689,3428,3663.461403508773,3663.461403508771,3575.0630136296704,3688.834735461154,3503.6555123920693,3527.844017734365,3294.6471602967904
1951-09-01,2290.826669042612,2262,2913.6719298245607,2913.6719298245607,2821.344726479984,2932.1446666995694,3049.808049309707,3067.094426292545,3229.347003890202
1951-10-01,2301.4990730775344,2242,2444.619298245614,2444.619298245613,2348.363278416623,2456.06223230772,2356.672341583845,2369.293309797582,2411.6696728695106
1951-11-01,2312.1714771124566,2103,2265.0929824561404,2265.0929824561395,2164.9081430623355,2269.376905969816,2295.1951779645187,2296.0088465300514,2225.9864115342602
1951-12-01,2322.843881147379,1825,2026.5666666666664,2026.5666666666657,1922.4530070648784,2023.562371896383,2050.41691920362,2050.322856559709,1997.8971869980007
1952-01-01,2333.516285182301,1670,1849.7802631578936,1849.7802631578936,1742.228884463913,1867.918948325576,1792.2125717830272,1806.1385875066132,1764.938496807096
1952-02-01,2344.188689217224,1681,1832.148684210526,1832.1486842105253,1721.650698611449,1843.75524184713,1895.8718471078523,1909.6256415700368,1792.8236390046284
1952-03-01,2354.861093252146,1713,1968.8328947368416,1968.832894736841,1855.3883000977903,1973.8104190407207,1929.694604838914,1932.211752198438,1891.206649475683
1952-04-01,2365.5334972870683,1954,2076.885526315789,2076.8855263157884,1960.4943217812288,2075.1371114852973,2068.749754758183,2066.8655174010646,1919.1028244791255
1952-05-01,2376.2059013219905,1876,2139.780263157895,2139.780263157894,2020.4424479878576,2131.209003391384,2206.675897236734,2198.010630234176,2108.3941124616204
1952-06-01,2386.878305356913,2272,2294.253947368421,2294.25394736842,2171.969519866745,2278.762936864247,2174.320966612092,2157.0470835016963,2207.8093877538095
1952-07-01,2397.5507093918354,2612,2684.46447368421,2684.4644736842097,2559.2334311466434,2661.956806640726,2838.964630262877,2817.0221995471325,2733.6900191222717
1952-08-01,2408.2231134267577,3590,3789.253947368421,3789.25394736842,3661.076283742184,3759.632717983981,3629.382691868301,3598.660911180966,3180.8044930512906
1952-09-01,2418.89551746168,2496,3039.4644736842097,3039.4644736842097,2908.34020088255,3002.6327761571656,3175.5352287859387,3137.6090991483247,3044.397889503308
1952-10-01,2429.567921496602,2441,2570.411842105263,2570.4118421052626,2436.340957109242,2526.272770633969,2482.399521060077,2439.5378730505063,2393.7043620233753
1952-11-01,2440.240325531525,2340,2390.8855263157893,2390.885526315789,2253.868026045008,2339.342175098599,2420.9223574407506,2366.0154111680868,2220.6471577788957
1952-12-01,2450.912729566447,2090,2152.359210526316,2152.359210526315,2012.3950943376024,2093.3146737615825,2176.144098679851,2120.123533570823,2018.2979385608173
1953-01-01,2461.5851336013693,1812,1975.572807017543,1975.5728070175428,1833.1531760266896,1937.4905848610747,1917.939751259259,1875.765487878772,1864.1554159885345
1953-02-01,2472.257537636292,1788,1957.9412280701752,1957.9412280701745,1813.5571944642784,1913.1785149868097,2021.5990265840844,1979.1108762912063,1816.6704865561242
1953-03-01,2482.9299416712142,1837,2094.625438596491,2094.6254385964903,1948.2770002406724,2043.1176307184635,2055.421784315146,2001.587432256585,1912.3950347339178
1953-04-01,2493.6023457061365,1993,2202.678070175438,2202.678070175438,2054.365226214163,2144.360563634985,2194.476934234415,2136.163753784157,2005.7203847073908
1953-05-01,2504.2747497410587,2021,2265.572807017544,2265.572807017543,2115.295556710845,2200.3809979468992,2332.403076712965,2267.26353393018,2054.827335105386
1953-06-01,2514.947153775981,2199,2420.04649122807,2420.046491228069,2267.8048328797854,2347.915775759471,2300.048146088324,2226.2867654985776,2295.8721430325736
1953-07-01,2525.619557810904,2622,2810.2570175438595,2810.257017543858,2656.050948449736,2731.122791809542,2964.691809739109,2886.2807708328583,2744.808213166378
1953-08-01,2536.291961845826,3787,3915.0464912280704,3915.0464912280695,3758.8760053353294,3828.84415136027,3755.1098713445335,3667.970482743504,3314.0497805719783
1953-09-01,2546.964365880748,2914,3165.257017543859,3165.257017543858,3007.122126765748,3071.9219596748108,3301.2624082621705,3207.00178197564,3318.8876987075228
1953-10-01,2557.636769915671,2487,2696.2043859649125,2696.204385964911,2536.1050872824926,2595.672006226852,2608.126700536309,2509.0457781305663,2800.5059736954604
1953-11-01,2568.309173950593,2314,2516.6780701754387,2516.678070175438,2354.6143605083103,2408.883764700602,2546.6495369169825,2435.670649488858,2428.4612879268493
1953-12-01,2578.981577985516,2139,2278.1517543859645,2278.151754385964,2114.1236330909583,2163.030919306588,2301.871278156083,2189.958216120272,2166.38538760484
1954-01-01,2589.653982020437,2124,2101.365350877192,2101.365350877192,1935.8639190700976,2007.413788282964,2043.666930735491,1945.8117256448656,1971.4214185565274
1954-02-01,2600.32638605536,2214,2083.7337719298243,2083.733771929824,1917.2501417977392,1983.340978219465,2147.3262060603165,2049.400780261912,2026.1910545552682
1954-03-01,2610.9987900902825,2234,2220.4179824561406,2220.41798245614,2052.952151864186,2113.551655695767,2181.148963791378,2072.1531134198685,2188.8486152580667
1954-04-01,2621.6711941252047,2279,2328.4706140350872,2328.470614035087,2160.022582127729,2215.09845229082,2320.2041137106467,2207.037323127985,2266.3896934127656
1954-05-01,2632.343598160127,2423,2391.365350877193,2391.365350877192,2221.935116914464,2271.4550522151458,2458.1302561891976,2338.477102442518,2265.4111071001294
1954-06-01,2643.0160021950496,2290,2545.839035087719,2545.8390350877185,2375.4265973734564,2419.358297574013,2425.775325564556,2297.8724441673944,2447.165039108652
1954-07-01,2653.6884062299714,2903,2936.049561403509,2936.049561403508,2764.65491723346,2802.96608310426,3090.418989215341,2958.27067064612,2804.0615208735717
1954-08-01,2664.360810264894,4485,4040.83903508772,4040.83903508772,3868.462178409106,3901.120514069047,3880.837050820765,3740.396714689177,3597.9199930266386
1954-09-01,2675.0332142998163,3085,3291.049561403508,3291.049561403508,3117.6905041295768,3144.663695731529,3426.9895877384024,3279.89645704169,3872.9269081491966
1954-10-01,2685.7056183347386,2852,2821.996929824561,2821.9969298245605,2647.6556689363742,2668.911417565393,2733.8538800125407,2582.4410073049617,2943.684387109551
1954-11-01,2696.3780223696613,2629,2642.470614035088,2642.4706140350872,2467.147146452244,2482.653153254849,2672.3767163932143,2509.598543759565,2617.4096916717513
1954-12-01,2707.0504264045835,2435,2403.944298245614,2403.944298245613,2227.638623324945,2237.362587010421,2427.598457632316,2264.450886475257,2406.7145002568273
1955-01-01,2717.7228304395057,2227,2227.1578947368416,2227.157894736841,2050.3611135941374,2082.3400370702666,2169.394110211723,2020.9012830720944,2329.934162620477
1955-02-01,2728.3952344744284,1944,2209.5263157894738,2209.526315789473,2032.729540611831,2058.89411002412,2273.0533855365484,2125.119335749352,2333.494039018779
1955-03-01,2739.06763850935,2125,2346.2105263157896,2346.210526315788,2169.41375496833,2189.763972451656,2306.8761432676097,2148.5327779554877,2315.9242316487457
1955-04-01,2749.740042544273,2260,2454.263157894736,2454.263157894736,2277.4663895219264,2292.002255931823,2445.9312931868785,2284.110207699748,2433.3009864959417
1955-05-01,2760.412446579195,2299,2517.1578947368425,2517.157894736841,2340.361128598713,2349.0826446751485,2583.8574356654294,2416.2753180383925,2495.566224982633
1955-06-01,2771.0848506141174,2323,2671.6315789473683,2671.6315789473674,2494.834813347759,2497.7419807868946,2551.502505040788,2376.4281017753465,2489.280086712784
1955-07-01,2781.75725464904,2659,3061.842105263158,3061.842105263157,2885.0453374978147,2882.1381590039045,3216.1461686915727,3037.6158812541166,3110.9317016651166
1955-08-01,2792.4296586839623,3761,4166.631578947369,4166.631578947367,3989.8348029635135,3981.1132845893353,4006.564230296997,3820.5635892851847,3838.0567192499298
1955-09-01,2803.102062718885,2779,3416.842105263157,3416.842105263157,3240.045332974037,3225.5094628063443,3552.7167672146343,3360.917106613677,3662.364335925544
1955-10-01,2813.7744667538072,2761,2947.789473684211,2947.789473684209,2770.992702070887,2750.6424831286167,2859.581059488773,2664.347542840892,3010.138836729268
1955-11-01,2824.446870788729,2446,2768.263157894737,2768.263157894736,2591.4663838768097,2565.3018192403624,2798.103895869446,2592.4230762474062,2810.4035509360115
1955-12-01,2835.119274823652,2278,2529.736842105264,2529.7368421052624,2352.940065039563,2320.961155352108,2553.325637108547,2348.2255269029765,2511.828518927321
1956-01-01,2845.791678858574,1879,2352.9504385964906,2352.95043859649,2176.6447595988075,2166.9208097020087,2295.1212896879547,2105.6581424276583,2280.0399452592187
1956-02-01,2856.464082893496,1881,2335.3188596491227,2335.318859649122,2159.9953909065543,2144.489388879798,2398.78056501278,2210.890525020727,2024.8083840047982
1956-03-01,2867.136486928419,2165,2472.0030701754386,2472.0030701754376,2297.661809553106,2276.406059465153,2432.603322743841,2235.3504081306405,2197.4447551124567
1956-04-01,2877.808890963341,2199,2580.0557017543856,2580.055701754385,2406.696648396755,2379.723453037022,2571.6584726631104,2372.006389766645,2404.223831950187
1956-05-01,2888.481294998264,2308,2642.9504385964915,2642.95043859649,2470.5735917635943,2437.9152538059298,2709.5846151416613,2505.2821629850023,2413.08064319486
1956-06-01,2899.153699033186,2529,2797.4241228070177,2797.424122807017,2626.029480802693,2587.7183038771423,2677.2296845170195,2466.577720589633,2488.5244332262882
1956-07-01,2909.826103068108,2573,3187.634649122807,3187.634649122806,3017.222209242801,2973.2904979875,3341.8733481678046,3128.940384924049,2976.3122812425177
1956-08-01,2920.4985071030305,3946,4292.424122807019,4292.424122807017,4122.993878998552,4073.473941400159,4132.291409773229,3913.095088798727,3406.8072200036063
1956-09-01,2931.1709111379528,3200,3542.6346491228064,3542.634649122806,3374.186613299129,3319.1107393782795,3678.443946690866,3454.6877129587965,3576.1613133682677
1956-10-01,2941.843315172875,2574,3073.58201754386,3073.582017543859,2906.116186686031,2845.5166813955466,2985.3082389650044,2759.389367005557,3163.2174240959125
1956-11-01,2952.5157192077977,2422,2894.055701754386,2894.055701754385,2727.5720727820067,2661.481241136168,2923.831075345678,2688.7682292195823,2584.352714553313
1956-12-01,2963.1881232427195,2446,2655.5293859649123,2655.5293859649114,2490.027958234812,2418.478102810672,2679.052816584779,2445.9061196706307,2348.3878613890806
1957-01-01,2973.860527277642,2828,2478.7429824561395,2478.7429824561395,2314.71485708411,2265.807584657212,2420.8484691641866,2204.706285978757,2185.1796727079654
1957-02-01,2984.5329313125644,2879,2461.111403508772,2461.1114035087708,2299.0476926819088,2244.778293265524,2524.507744489012,2311.338330343237,2448.9030426266413
1957-03-01,2995.2053353474867,2800,2597.795614035088,2597.795614035087,2437.6963156185134,2378.1293952152832,2558.3305022200734,2337.229986212528,2700.4151369310007
1957-04-01,3005.8777393824093,2835,2705.8482456140346,2705.848245614034,2547.713358752215,2482.9135220854387,2697.3856521393423,2475.349851595878,2694.9031247874736
1957-05-01,3016.550143417332,2585,2768.7429824561405,2768.7429824561395,2612.5725064091066,2542.604358086516,2835.311794617893,2610.121619549545,2732.7325820056394
1957-06-01,3027.222547452254,2787,2923.2166666666667,2923.216666666666,2769.010599738257,2693.9387453237778,2802.956863993252,2572.9452828774542,2659.6898078148374
1957-07-01,3037.8949514871765,3334,3313.4271929824563,3313.4271929824554,3161.1855324684184,3081.074578534068,3467.6005276440364,3236.868163923114,3023.917481850933
1957-08-01,3048.5673555220983,4746,4418.216666666667,4418.216666666666,4267.939406514222,4182.853962980544,4258.018589249461,4022.615195497005,3884.902627346025
1957-09-01,3059.239759557021,3613,3668.427192982456,3668.427192982456,3520.114345104851,3430.11900392636,3804.171126167098,3565.8322583442514,4106.600753538056
1957-10-01,3069.912163591943,3463,3199.374561403509,3199.374561403508,3053.0261227818064,2958.185490845206,3111.0354184412363,2872.190462066157,3278.3861545003847
1957-11-01,3080.584567626865,3274,3019.8482456140355,3019.8482456140346,2875.4642131678343,2775.8428974212898,3049.55825482191,2803.257984943294,3029.6603856788615
1957-12-01,3091.256971661788,2801,2781.3219298245613,2781.3219298245604,2638.902302910693,2534.5649078651363,2804.779996061011,2562.116647045418,2966.92187681363
1958-01-01,3101.9293756967104,2488,2604.535526315789,2604.5355263157885,2464.5714060500427,2383.6518404149024,2546.5756486404184,2322.6696959925903,2920.5510497589275
1958-02-01,3112.6017797316326,2386,2586.903947368421,2586.90394736842,2449.8864459378947,2364.412301660321,2650.234923965244,2431.086733984081,2799.3892474652584
1958-03-01,3123.274183766556,2428,2723.588157894737,2723.588157894736,2589.517273164552,2499.585458181071,2684.0576816963057,2458.79549446835,2821.5219132565226
1958-04-01,3133.946587801477,2678,2831.640789473684,2831.640789473683,2700.516520588306,2606.223941556097,2823.112831615574,2598.7645754546456,2845.802993299502
1958-05-01,3144.6189918364,2744,2894.53552631579,2894.5355263157885,2766.3578725352504,2667.8014359959284,2961.038974094125,2735.417669999223,2838.562465056752
1958-06-01,3155.291395871322,2772,3049.009210526316,3049.009210526315,2923.7781701544536,2821.054783605828,2928.684043469483,2700.15477090601,3042.37175727488
1958-07-01,3165.9637999062443,3520,3439.2197368421057,3439.2197368421043,3316.935307174668,3210.141879122635,3593.3277071202683,3366.0232005185144,3565.87398639392
1958-08-01,3176.636203941167,3833,4544.009210526317,4544.009210526315,4424.671385510524,4313.904827809511,4383.745768725693,4153.747891647216,4285.592189263005
1958-09-01,3187.308607976089,3377,3794.219736842105,3794.219736842104,3677.828528391205,3563.1857349296106,3929.89830564333,3698.97472503724,3974.076873185362
1958-10-01,3197.9810120110114,3013,3325.167105263158,3325.167105263157,3211.7225103582127,3093.30038995662,3236.762597917468,3007.3748102898903,3676.3986365297574
1958-11-01,3208.653416045934,2871,3145.640789473685,3145.6407894736835,3035.1428050342934,2913.0382665747507,3175.285434298142,2940.516325685738,3313.8361574748305
1958-12-01,3219.325820080856,2592,2907.1144736842107,2907.1144736842098,2799.5630990672043,2673.873048994526,2930.507175537243,2701.481091294541,2943.213558510373
1959-01-01,3229.9982241157786,2375,2730.3280701754384,2730.328070175437,2626.214406496607,2525.105055454102,2672.3028281166503,2464.1723547363576,2630.3850825492696
1959-02-01,3240.670628150701,2304,2712.6964912280705,2712.696491228069,2612.511650674511,2508.0428925432143,2775.962103441476,2574.75971821046,2520.8115625702694
1959-03-01,3251.343032185623,2464,2849.380701754386,2849.380701754385,2753.1246821912214,2645.4257268415386,2809.7848611725376,2604.6709151653063,2591.705324161952
1959-04-01,3262.015436220546,2557,2957.433333333333,2957.4333333333325,2865.106133905028,2754.306189928024,2948.840011091806,2746.8745436101462,2810.6061060832176
1959-05-01,3272.687840255468,2739,3020.32807017544,3020.328070175437,2931.9296901420253,2818.1579660131924,3086.766153570357,2885.7942966012347,2865.2400590837706
1959-06-01,3283.3602442903903,2714,3174.801754385965,3174.801754385964,3090.332192051281,2973.717897202313,3054.411222945715,2852.8301669424995,3081.9004744080426
1959-07-01,3294.032648325313,3102,3565.0122807017547,3565.0122807017533,3484.471533361547,3365.143878232225,3719.0548865965,3521.029476977448,3503.6185882419863
1959-08-01,3304.7050523602347,3961,4669.801754385966,4669.801754385964,4593.189815987456,4471.278014366085,4509.472948201925,4311.11715951656,3758.0948880279616
1959-09-01,3315.3774563951574,3772,3920.012280701754,3920.0122807017538,3847.329163158191,3722.9624108670528,4055.6254851195617,3858.739095304963,3884.3990118933702
1959-10-01,3326.04986043008,3245,3450.959649122808,3450.9596491228062,3382.2053494152506,3255.5128572088133,3362.4897773937,3169.5663939439573,3622.044721303994
1959-11-01,3336.722264465002,3104,3271.433333333334,3271.4333333333325,3206.6078483813835,3077.7188270755746,3301.0126137743737,3105.1672337141167,3214.5541289854577
1959-12-01,3347.3946684999246,2869,3032.90701754386,3032.9070175438587,2972.010346704348,2841.054004677863,3056.2343550134747,2868.623434685197,2933.322067998997
1960-01-01,3358.067072534847,2513,2856.120614035088,2856.120614035087,2799.643858423803,2694.818708253837,2798.030007592882,2633.8382444772583,2684.0772938156615
1960-02-01,3368.739476569769,2385,2838.4890350877195,2838.4890350877185,2786.92330689176,2680.321544393228,2901.689282917708,2746.9812652895707,2517.177722978662
1960-03-01,3379.411880604692,2756,2975.173245614036,2975.1732456140344,2928.5185426985217,2820.301679675712,2935.512040648769,2779.4802305705966,2601.625780871332
1960-04-01,3390.084284639613,2927,3083.2258771929824,3083.225877192981,3041.482198702381,2931.811745680239,3074.567190568038,2924.3037383295787,2894.7603404988877
1960-05-01,3400.756688674536,2940,3146.120614035088,3146.120614035087,3109.287959229431,2998.325426617333,3212.4933330465888,3065.8754816227797,3055.5176733872413
1960-06-01,3411.4290927094585,3180,3300.5942982456145,3300.594298245613,3268.6726654287395,3156.57956459226,3180.138402421947,3035.5954532541223,3074.599956149648
1960-07-01,3422.1014967443807,3791,3690.804824561404,3690.804824561402,3663.794211029058,3550.7320543418605,3844.782066072732,3706.510975567117,3519.4850199687266
1960-08-01,3432.7739007793034,4093,4795.594298245615,4795.594298245614,4773.49469794502,4659.625001129292,4635.200127678157,4499.346981372239,4120.807627056546
1960-09-01,3443.4463048142256,4309,4045.804824561403,4045.804824561402,4028.616249405807,3914.1005102177137,4181.352664595794,4049.74935141462,4091.585796345547
1960-10-01,3454.118708849148,3532,3576.752192982457,3576.752192982455,3564.4746399529195,3449.4743710808075,3488.216956869932,3363.3891952955573,3946.6701332260086
1960-11-01,3464.7911128840706,3408,3397.225877192983,3397.225877192982,3389.8593432091056,3274.536057402788,3426.739793250605,3301.8346912956285,3488.6807632312084
1960-12-01,3475.4635169189924,2839,3158.699561403509,3158.699561403508,3156.2440458221217,3040.759253394176,3181.9615344897065,3068.167659484588,3206.1861585805773
1961-01-01,3486.135920953915,2792,2981.9131578947363,2981.913157894736,2984.85976183163,2897.4442772931297,2923.757187069114,2836.2913474824923,2711.5452700484884
1961-02-01,3496.8083249888373,2798,2964.2815789473684,2964.2815789473675,2973.121414589639,2885.899735689384,3027.41646239394,2952.375357488616,2711.5324033151874
1961-03-01,3507.4807290237595,3007,3100.9657894736847,3100.965789473684,3115.698854686454,3028.864795162616,3061.2392201250013,2987.847422951418,2961.291515707602
1961-04-01,3518.153133058682,3086,3209.018421052632,3209.0184210526304,3229.644714980366,3143.392087291769,3200.2943700442697,3135.6761418801466,3190.4929440160067
1961-05-01,3528.8255370936045,3201,3271.913157894737,3271.9131578947363,3298.432679797468,3212.955296287372,3338.22051252282,3280.2852073310582,3262.5133000968603
1961-06-01,3539.4979411285267,3428,3426.3868421052634,3426.3868421052625,3458.7995902868297,3374.2912642546926,3305.865581898179,3253.074612108079,3506.87357655382
1961-07-01,3550.1703451634494,3754,3816.597368421053,3816.597368421052,3854.9033401772,3771.557885930567,3970.509245548964,3927.091678554716,3909.7206341596675
1961-08-01,3560.842749198371,4917,4921.386842105264,4921.386842105262,4965.586031383215,4883.597266578155,4760.9273071543885,4723.06133948145,4181.346276780445
1961-09-01,3571.515153233294,3760,4171.597368421053,4171.597368421051,4221.689787134054,4141.251511460614,4307.0798440720255,4276.629475633408,4534.41710218975
1961-10-01,3582.187557268216,3609,3702.544736842106,3702.5447368421046,3758.53038197122,3679.8364100516296,3613.944136346164,3593.467196611891,3869.467994161316
1961-11-01,3592.8599613031383,3471,3523.018421052632,3523.018421052631,3584.8972895174584,3508.141436035411,3552.4669727268374,3535.1426806974728,3603.2254408866393
1961-12-01,3603.532365338061,3347,3284.492105263158,3284.492105263157,3352.264196420527,3277.640273622485,3307.6887139659384,3304.7377479599104,3233.892557109284
1962-01-01,3614.204769372983,3333,3107.7057017543857,3107.705701754385,3181.862116720088,3137.6332410510067,3049.4843665453463,3076.155646019259,3150.2472883936334
1962-02-01,3624.8771734079055,3456,3090.074122807018,3090.0741228070165,3171.10597376815,3129.428944910709,3153.1436418701715,3195.565977074794,3178.433085080117
1962-03-01,3635.549577442828,3569,3226.7583333333337,3226.7583333333323,3314.665618155017,3275.7665517812693,3186.966399601233,3234.396474574975,3417.95267867308
1962-04-01,3646.22198147775,3900,3334.8109649122807,3334.81096491228,3429.593682738982,3393.6986932416376,3326.021549520502,3385.615736529046,3540.2391009211847
1962-05-01,3656.8943855126727,3909,3397.7057017543866,3397.705701754385,3499.3638518461366,3466.699053502337,3463.947691999053,3533.647455993267,3727.1925425987906
1962-06-01,3667.5667895475945,4098,3552.1793859649124,3552.1793859649115,3660.712966625552,3631.5044746686335,3431.5927613744107,3509.891625771568,3851.9977631159027
1962-07-01,3678.239193582517,4826,3942.389912280702,3942.389912280701,4057.798920805975,4032.272851477367,4096.236425025196,4187.395568207449,4202.481698684725
1962-08-01,3688.91159761744,5770,5047.179385964913,5047.179385964912,5169.463816302042,5147.846289191697,4886.65448663062,4986.884216111395,4640.694589770634
1962-09-01,3699.5840016523616,5108,4297.3899122807015,4297.389912280701,4426.549776342934,4409.06689307478,4432.807023548257,4544.003450228531,4583.990120925639
1962-10-01,3710.256405687284,4360,3828.337280701755,3828.3372807017536,3964.3725754701513,3951.250452600302,3739.671315822396,3864.424380160157,4318.317729553965
1962-11-01,3720.928809722207,4100,3648.810964912281,3648.81096491228,3791.7216873064426,3783.18644145247,3678.194152203069,3809.7151841868495,3910.008990652403
1962-12-01,3731.601213757129,3562,3410.2846491228074,3410.2846491228065,3560.0707984995643,3556.3485438418147,3433.4158934421703,3582.957682378365,3677.5378395248886
1963-01-01,3742.273617792052,3284,3233.4982456140347,3233.498245614034,3390.650923089177,3420.037078006488,3175.211546021578,3358.0551223547577,3407.4355580013034
1963-02-01,3752.946021826973,3278,3215.8666666666672,3215.866666666666,3380.8769844272915,3415.5606505362257,3278.870821346404,3481.177106315304,3341.497445537206
1963-03-01,3763.618425861896,3424,3352.5508771929826,3352.5508771929817,3525.418833104212,3565.6584280107027,3312.693579077465,3523.751367708463,3522.7185503932774
1963-04-01,3774.290829896818,3843,3460.60350877193,3460.603508771929,3641.329101978229,3687.383042008868,3451.748728996733,3678.746504543478,3807.9399269871756
1963-05-01,3784.963233931741,3614,3523.498245614036,3523.498245614034,3712.0814753754366,3764.20817674125,3589.674871475285,3830.586209876613,4007.763259651333
1963-06-01,3795.635637966663,3536,3677.971929824562,3677.97192982456,3874.412794444903,3932.870674313108,3557.3199408506425,3810.670476511789,4080.4029280521677
1963-07-01,3806.308042001586,4505,4068.182456140352,4068.18245614035,4272.480952915379,4337.528429461288,4221.963604501428,4492.046626792515,4401.946567035037
1963-08-01,3816.980446036508,5456,5172.971929824562,5172.971929824561,5385.128052701499,5457.023547448944,5012.381666106852,5295.439593529271,4813.052522192538
1963-09-01,3827.6528500714303,4881,4423.182456140351,4423.18245614035,4643.196217032444,4722.198133539236,4558.534203024489,4856.495257467186,4835.641285469419
1963-10-01,3838.325254106352,4041,3954.129824561404,3954.1298245614025,4182.001220449714,4268.367977205847,3865.398495298628,4180.884728207557,4534.034493246169
1963-11-01,3848.9976581412734,3724,3774.6035087719306,3774.603508771929,4010.332536576058,4104.32255213299,3803.921331679301,4130.176184030959,4098.647097212724
1963-12-01,3859.6700621761975,3525,3536.0771929824564,3536.077192982455,3779.663852059232,3881.53554253119,3559.143072918402,3907.451445007152,3657.273144179081
1964-01-01,3870.3424662111192,3437,3359.290789473684,3359.290789473683,3611.2261809388974,3749.3072666386,3300.93872549781,3686.613758756189,3391.9876130686494
1964-02-01,3881.014870246042,3324,3341.659210526316,3341.659210526315,3602.4344465670647,3748.9463310449582,3404.598000822635,3813.832727477348,3375.169424650377
1964-03-01,3891.6872742809646,3977,3478.343421052632,3478.343421052631,3747.958499534038,3903.191902329937,3438.420758553697,3860.536084619083,3548.3578113770445
1964-04-01,3902.3596783158864,4025,3586.396052631579,3586.396052631578,3864.8509726981074,4029.096612072485,3577.4759084729653,4019.692428190644,4034.156887867857
1964-05-01,3913.032082350809,4016,3649.290789473685,3649.290789473683,3936.5855503853672,4110.134144483133,3715.4020509515167,4175.725451248289,3935.6203744661957
1964-06-01,3923.704486385731,4031,3803.7644736842094,3803.76447368421,4099.899073744887,4283.04134166714,3683.0471203268735,4160.035146595941,3979.8000768627826
1964-07-01,3934.3768904206536,4489,4193.975,4193.974999999999,4498.949436505416,4691.97609836135,4347.69078397766,4845.668836577112,4417.164980854934
1964-08-01,3945.049294455576,5563,5298.764473684212,5298.76447368421,5612.578740581588,5815.780519828918,5138.108845583084,5653.351454002281,4732.131226207494
1964-09-01,3955.721698490498,5709,4548.975,4548.974999999999,4871.629109202585,5085.296711333004,4684.261382500721,5218.728879616572,4789.111969329059
1964-10-01,3966.3941025254207,4620,4079.922368421053,4079.922368421052,4411.416316909908,4635.840462347293,3991.1256747748594,4547.472223021287,4626.783760468806
1964-11-01,3977.066506560344,4160,3900.39605263158,3900.396052631578,4240.729837326305,4476.201246555993,3929.648511155533,4501.149662497002,4157.653057790013
1964-12-01,3987.738910595265,4012,3661.869736842106,3661.869736842104,4011.043357099531,4257.852748169634,3684.870252394634,4282.84301811347,3795.0765018920633
1965-01-01,3998.411314630188,3987,3485.083333333333,3485.0833333333326,3843.587890269249,4130.095285426367,3426.665904974042,4066.4555374907536,3613.4910236277797
1965-02-01,4009.0837186651097,4155,3467.4517543859656,3467.451754385964,3835.778360187469,4134.237464915928,3530.325180298867,4198.156822828121,3640.103878657562
1965-03-01,4019.756122700032,4054,3604.1359649122815,3604.13596491228,3982.2846174444944,4293.018453217997,3564.147938029929,4249.374607574035,4024.2081158947685
1965-04-01,4030.428526734955,4485,3712.188596491229,3712.188596491227,4100.159294898617,4423.490881911514,3703.2030879491967,4413.07748973774,4089.5506703743044
1965-05-01,4041.100930769877,4558,3775.0833333333344,3775.0833333333326,4172.87607687593,4509.128435207012,3841.129230427749,4573.689162375496,4240.221647027614
1965-06-01,4051.7733348048,4462,3929.55701754386,3929.5570175438593,4337.171804525502,4686.667955209753,3808.774299803106,4562.609618291228,4281.381917532496
1965-07-01,4062.445738839722,4594,4319.76754385965,4319.767543859648,4737.204371576083,5100.267336656577,4473.417963453891,5252.8861798284415,4481.513252282016
1965-08-01,4073.118142874644,6481,5424.557017543861,5424.557017543859,5851.815879942307,6228.768684810644,5263.836025059316,6065.243779797622,4778.684273490578
1965-09-01,4083.790546909567,6345,4674.767543859649,4674.767543859648,5111.848452853357,5503.014104935111,4809.988561976953,5635.32829894389,5050.542413196852
1965-10-01,4094.462950944489,5142,4205.714912280702,4205.7149122807,4652.617864850734,5058.319386503661,4116.852854251091,4968.81084686855,4857.925110834973
1965-11-01,4105.135354979411,4824,4026.188596491229,4026.188596491228,4482.913589557182,4903.474003200505,4055.375690631765,4927.259601852175,4431.771961870519
1965-12-01,4115.807759014334,4573,3787.6622807017534,3787.662280701754,4254.209313620462,4689.951639236172,3810.597431870866,4713.756383964523,4206.089709741722
1966-01-01,4126.480163049256,4158,3610.8758771929824,3610.8758771929815,4087.736051080232,4567.052612848814,3552.393084450274,4502.204440825646,4089.329857720558
1966-02-01,4137.152567084178,4140,3593.2442982456146,3593.2442982456128,4080.908725288505,4576.085530628166,3656.052359775099,4638.773374634828,3902.2440398219965
1966-03-01,4147.824971119101,4251,3729.928508771931,3729.928508771929,4228.397186835583,4739.7895591539045,3689.8751175061607,4694.89091884052,3948.141671367817
1966-04-01,4158.497375154023,4734,3837.9811403508775,3837.981140350877,4347.254068579758,4875.217330004977,3828.9302674254286,4863.525671451969,4280.353412600476
1966-05-01,4169.1697791889455,4858,3900.875877192984,3900.8758771929815,4420.953054847123,4965.842527391913,3966.856409903981,5029.101325525435,4460.173004249397
1966-06-01,4179.842183223867,4798,4055.349561403509,4055.349561403508,4586.230986786748,5148.401993419971,3934.501479279338,5023.017873864843,4451.897875796187
1966-07-01,4190.51458725879,5080,4445.560087719299,4445.560087719297,4987.245758127382,5567.053622825997,4599.145142930123,5718.322638813703,4630.997576738003
1966-08-01,4201.186991293713,6905,5550.34956140351,5550.349561403507,6102.839470783659,6700.6395208731465,5389.563204535548,6535.740553182493,5000.38318164489
1966-09-01,4211.8593953286345,5504,4800.560087719298,4800.560087719297,5363.854247984761,5980.001792824578,4935.715741453185,6110.91749771634,5146.0802019829225
1966-10-01,4222.531799363557,5457,4331.507456140352,4331.50745614035,4905.60586427219,5540.456228153974,4242.580033727323,5449.524582016544,4798.048667516635
1966-11-01,4233.20420339848,5198,4151.9811403508775,4151.981140350877,4736.883793268691,5390.792300545551,4181.102870107997,5413.129984363679,4677.4784699130705
1966-12-01,4243.876607433402,4890,3913.454824561404,3913.4548245614014,4509.161721622024,5182.483694209827,3936.3246113470977,5204.815524827505,4495.835000612567
